RMSE,fit_method
0.0424363036500501,BOSC
0.0130006400571684,BOSC
0.0767876800881771,BOSC
0.0631291097808417,BOSC
0.0540004544396656,BOSC
0.00223723110442522,BOSC
0.0730425879413402,BOSC
0.0689721533541381,BOSC
0.0124672177116644,BOSC
0.0102171749510345,BOSC
0.0948371116906952,BOSC
0.0120469970622063,BOSC
0.00399038353442123,BOSC
0.0189214334829223,BOSC
0.0162692967481394,BOSC
0.00727693424672783,BOSC
0.00161955682928464,BOSC
0.00611757348005966,BOSC
0.00949942084087468,BOSC
0.045237014493027,BOSC
0.0490625864761408,BOSC
0.0482456344107553,BOSC
0.0456547029866715,BOSC
0.126993730621938,BOSC
0.0996608160456818,BOSC
0.0320313443410844,BOSC
0.036455705015565,BOSC
0.0180017694614381,BOSC
0.0113166114912938,BOSC
0.0177837821702634,BOSC
0.00940041966138493,BOSC
0.137875756276245,BOSC
0.0780607950725335,BOSC
0.0497090143635209,BOSC
0.0306361818935301,BOSC
0.0479379505743003,BOSC
0.0878081625581915,BOSC
0.150551463366708,BOSC
0.0898287186843548,BOSC
0.0329080097470152,BOSC
0.0543962130433056,BOSC
0.115115411986805,BOSC
0.0411650360817542,BOSC
0.0373010025709292,BOSC
0.00978523414553493,BOSC
0.00284004067323227,BOSC
0.0278036728614761,BOSC
0.072743521130058,BOSC
0.0579746708168165,BOSC
0.00492713299316566,BOSC
0.000979231522894623,BOSC
0.0819283603053145,BOSC
0.0489725738554471,BOSC
0.0875285924009554,BOSC
0.0740177439575547,BOSC
0.0597666768288944,BOSC
9.26958456402128e-05,BOSC
0.00554207332264377,BOSC
0.0430104089602639,BOSC
0.0665637623174597,BOSC
0.0603126844716726,BOSC
0.0343078419392019,BOSC
0.0538575324412914,BOSC
0.0169379189920412,BOSC
0.0260238394279638,BOSC
0.0715439458671011,BOSC
0.0150041190362518,BOSC
0.0177882704634416,BOSC
0.161866303186184,BOSC
0.0355883485286176,BOSC
0.01096672951592,BOSC
0.0725130545075755,BOSC
0.00983767355655101,BOSC
0.0339772067792925,BOSC
0.0665481651636324,BOSC
0.0235256360101182,BOSC
0.0579968266445394,BOSC
0.0505062514579356,BOSC
0.0576984931062605,BOSC
0.0562633038158657,BOSC
0.0137381050322429,BOSC
0.0716568153560782,BOSC
0.0680432928148699,BOSC
0.066725747285792,BOSC
0.0621485171568767,BOSC
0.0473681878843661,BOSC
0.00471571879265524,BOSC
0.128147062651334,BOSC
0.0218942893023113,BOSC
0.0187756436256698,BOSC
0.0941019198321267,BOSC
0.0406684680183444,BOSC
0.0130059054403755,BOSC
0.00559990056081555,BOSC
0.0453845580112456,BOSC
0.0391411210891579,BOSC
0.0476700083565919,BOSC
0.0386767171829245,BOSC
0.0135051022610856,BOSC
0.0712682318885379,BOSC
0.00820106537934923,BOSC
0.00636096570973526,BOSC
0.0171960684870501,BOSC
0.0937286913009811,BOSC
0.0799490324848516,BOSC
0.0144372970236981,BOSC
0.0387203512552982,BOSC
0.087349455254216,BOSC
0.018638590058983,BOSC
0.024059313598524,BOSC
0.0503088343335144,BOSC
0.037626671027091,BOSC
0.00546220577956385,BOSC
0.0119599664937312,BOSC
0.073726566309666,BOSC
0.0200583079737564,BOSC
0.0626373593418304,BOSC
0.019783722385217,BOSC
0.0488159559648341,BOSC
0.0774504732349719,BOSC
0.0391818364330917,BOSC
0.0896256563077032,BOSC
0.0153763672279975,BOSC
0.0658310621550544,BOSC
0.0524208903463133,BOSC
0.0450841910454525,BOSC
0.0022587125121884,BOSC
0.0383655117340024,BOSC
0.0308273040857538,BOSC
0.0925533250081471,BOSC
0.0210250354410544,BOSC
0.194618996303749,BOSC
0.0910844481649923,BOSC
0.000419329356461902,BOSC
0.0852218305425578,BOSC
0.0751702417285047,BOSC
0.0700409545896563,BOSC
0.151775748407851,BOSC
0.0420304575130015,BOSC
0.0106974715892588,BOSC
0.067588458735892,BOSC
0.00859088980819589,BOSC
0.000360847634361666,BOSC
0.0541543684666775,BOSC
0.034405439486378,BOSC
0.0243258730358651,BOSC
0.0368026732373752,BOSC
0.0602025505938271,BOSC
0.0330725135166701,BOSC
0.0411596008593353,BOSC
0.054210817916112,BOSC
0.069701922936294,BOSC
0.0335306571959106,BOSC
0.0383592390289431,BOSC
0.0168813245347002,BOSC
0.0366185504477385,BOSC
0.00441020243780668,BOSC
0.0430951915795514,BOSC
0.0115414344330025,BOSC
0.0439481926606201,BOSC
0.127792307492275,BOSC
0.0240611640516836,BOSC
0.0266987518124884,BOSC
0.000948286551535042,BOSC
0.0608553222148174,BOSC
0.0358770607067322,BOSC
0.0146370431722448,BOSC
0.0741878449295264,BOSC
0.0171787502747945,BOSC
0.0292042851542324,BOSC
0.0659922711828626,BOSC
0.033273173420879,BOSC
0.0315837232974137,BOSC
0.0174823646259017,BOSC
0.0492054153686866,BOSC
0.0266512575396378,BOSC
0.00415552737544026,BOSC
0.0585137508166076,BOSC
0.0187129393408409,BOSC
0.0419574112764904,BOSC
0.001892581571413,BOSC
0.123529657577282,BOSC
0.0415657858251315,BOSC
0.104050489951012,BOSC
0.0533243374083446,BOSC
0.0629846906949261,BOSC
0.0352080022662405,BOSC
0.054569362456361,BOSC
0.0279836679456334,BOSC
0.00861480578827372,BOSC
0.00683303059395524,BOSC
0.0015779383571207,BOSC
0.040747177208718,BOSC
0.0243659631965077,BOSC
0.0272224113063867,BOSC
0.13267905628321,BOSC
0.0298637826658723,BOSC
0.0713451879780438,BOSC
0.0446786256981497,BOSC
0.0136359730145967,BOSC
0.0423125076027851,BOSC
0.0596933209971444,BOSC
0.0523273502705846,BOSC
0.0729892730184112,BOSC
0.118200627037298,BOSC
0.0276258420888269,BOSC
0.0208442514292852,BOSC
0.0165339349921544,BOSC
0.0721115851779421,BOSC
0.0311252814401104,BOSC
0.0654883880486086,BOSC
0.098297220236615,BOSC
0.0213094468790386,BOSC
0.0556514577540968,BOSC
0.0890269816199,BOSC
0.0700900068996567,BOSC
0.103077387988083,BOSC
0.0355326890026071,BOSC
0.0227546385986309,BOSC
0.0529813993310499,BOSC
0.153231730798949,BOSC
0.00496559928392609,BOSC
0.0546502969281924,BOSC
0.0174806609650546,BOSC
0.089823284633559,BOSC
0.0927849565928699,BOSC
0.0629094508787226,BOSC
0.0479419983194264,BOSC
0.0418920439196591,BOSC
0.0810917516722751,BOSC
0.0481451875644379,BOSC
0.0547135456468117,BOSC
0.0286401274959557,BOSC
0.0849141024228356,BOSC
0.0969090918306,BOSC
0.00908516526569898,BOSC
0.0390899367923782,BOSC
0.0984190444779162,BOSC
0.0840140317232209,BOSC
0.0955285972258447,BOSC
0.00230856627878573,BOSC
0.00584484093492035,BOSC
0.00406750795683576,BOSC
0.0182778100268716,BOSC
0.0403841504503122,BOSC
0.0214187340206727,BOSC
0.0215606615331351,BOSC
0.000388077399536551,BOSC
0.110208052737232,BOSC
0.0167148633234609,BOSC
0.00440456258800739,BOSC
0.0165820455939614,BOSC
0.0461746611437056,BOSC
0.0249709187583435,BOSC
0.0569241307655616,BOSC
0.00833527955767056,BOSC
0.0323971629172069,BOSC
0.0213783852150734,BOSC
0.103271522365639,BOSC
0.0298468576222824,BOSC
0.0934296444592017,BOSC
0.145803558225739,BOSC
0.00164298209589668,BOSC
0.0413403506041575,BOSC
0.046755748278244,BOSC
0.0847723155944738,BOSC
0.0373485442441848,BOSC
0.019894221959978,BOSC
0.0564493883063522,BOSC
0.0612671745001932,BOSC
0.0618614586515531,BOSC
0.104135086273164,BOSC
0.0974801446507134,BOSC
0.0751938926079148,BOSC
0.0588526358805298,BOSC
0.0449907460963183,BOSC
0.00210035312821021,BOSC
0.0648870792504071,BOSC
0.0256778036873485,BOSC
0.0231145298108432,BOSC
0.0510348044532379,BOSC
0.00289518132192347,BOSC
0.111855623520038,BOSC
0.0866400009036884,BOSC
0.0956325530401713,BOSC
0.00771393523471916,BOSC
0.0183177190718032,BOSC
8.27994236344646e-06,BOSC
0.0231401675836031,BOSC
0.0789673789803068,BOSC
0.00957411028295597,BOSC
0.0345094768701299,BOSC
0.0253641646441392,BOSC
0.0281772579806296,BOSC
0.00137574280377415,BOSC
0.0851816395246357,BOSC
0.0549466369962656,BOSC
0.00957746383853252,BOSC
0.0625657401925565,BOSC
0.0204721494472579,BOSC
0.0069121611718102,BOSC
0.0832702049218444,BOSC
0.0355286154407223,BOSC
0.0234584090726323,BOSC
0.00808922118786722,BOSC
0.106143720432656,BOSC
0.012674164203108,BOSC
0.0278791990934891,BOSC
0.0623735051822615,BOSC
0.106921976427263,BOSC
0.00691012521961395,BOSC
0.06928429902831,BOSC
0.0742828466983015,BOSC
0.0886588644410647,BOSC
0.0857684970469032,BOSC
0.0451555191714213,BOSC
0.0380207391389065,BOSC
0.00965654378434345,BOSC
0.0688852633853111,BOSC
0.145186797788882,BOSC
0.0321800520364074,BOSC
0.0415848379906624,BOSC
0.12676141811112,BOSC
0.069237788463627,BOSC
0.035692504063578,BOSC
0.168067402669734,BOSC
0.00178943082656124,BOSC
0.0129022497693975,BOSC
0.0601454415304439,BOSC
0.0273793287946916,BOSC
0.00986401438484474,BOSC
0.00704537253462116,BOSC
0.00287016560293617,BOSC
0.052290683236869,BOSC
0.0290737896475543,BOSC
0.0311086571689153,BOSC
0.0364520774565478,BOSC
0.00342082905180572,BOSC
0.124632799706556,BOSC
0.048906004535772,BOSC
0.0437314471947066,BOSC
0.0979103174059811,BOSC
0.0540416698641734,BOSC
0.0230372477527571,BOSC
0.0498665263920544,BOSC
0.223924720056989,BOSC
0.0643344604351245,BOSC
0.023511831121617,BOSC
0.00449535527097066,BOSC
0.096681401118766,BOSC
0.00881846409368668,BOSC
0.0357485010036144,BOSC
0.0362675106171077,BOSC
0.144445406431155,BOSC
0.0363988849155337,BOSC
0.0350706332743211,BOSC
0.00933086203788869,BOSC
0.0579503902482065,BOSC
0.100006700338283,BOSC
0.0301399496497288,BOSC
0.0221930660920418,BOSC
0.0178352013484012,BOSC
0.0259432963383765,BOSC
0.0373960932496067,BOSC
0.0218127625507785,BOSC
0.0320574992874496,BOSC
0.0027532039450866,BOSC
0.0036319450351197,BOSC
0.026017438614179,BOSC
0.0584035584652431,BOSC
0.0306792506356038,BOSC
0.0971778163320888,BOSC
0.0426926452431333,BOSC
0.0240155031133545,BOSC
0.132478375179112,BOSC
0.017021580197827,BOSC
0.0277727840404551,BOSC
0.0534507632165099,BOSC
0.153485739460771,BOSC
0.0283280586703339,BOSC
0.0210655654876266,BOSC
0.0491159081291931,BOSC
0.0215162670910359,BOSC
0.0589443288448992,BOSC
0.04288651093519,BOSC
0.107288720036729,BOSC
0.0225530761615215,BOSC
0.016052658611751,BOSC
0.0369250178390573,BOSC
0.0821023517078601,BOSC
0.0231309908123883,BOSC
0.0450243227181762,BOSC
0.00369844612953056,BOSC
0.0353277251881708,BOSC
0.0565851364559441,BOSC
0.0444899956860843,BOSC
0.0256665379947807,BOSC
0.0114207960078492,BOSC
0.0934058554231757,BOSC
0.0152981343879815,BOSC
0.0201096201036548,BOSC
0.0284953872451493,BOSC
0.00792086762285808,BOSC
0.0758558433653267,BOSC
0.0259745487626038,BOSC
0.0270222289301328,BOSC
0.0150136390535765,BOSC
0.0412721640996223,BOSC
0.0414430206743646,BOSC
0.0299702423341194,BOSC
0.0195857317693421,BOSC
0.0694519629086366,BOSC
0.00392486902113756,BOSC
0.0533615950656231,BOSC
0.0118661649677654,BOSC
0.00767429559917221,BOSC
0.0489151177544621,BOSC
0.0281939835460321,BOSC
0.0743643335629211,BOSC
0.0229498274829571,BOSC
0.012098406596343,BOSC
0.00255721841318229,BOSC
0.0117385124276466,BOSC
0.0390388804623379,BOSC
0.0387974737317706,BOSC
0.0174410422399869,BOSC
0.0106205413394561,BOSC
0.0401868871694459,BOSC
0.0139212517962253,BOSC
0.0357061347935305,BOSC
0.0910766981911507,BOSC
0.00606205802662827,BOSC
0.0216819899863867,BOSC
0.0527890747395039,BOSC
0.0734738667243546,BOSC
0.0441299319778863,BOSC
0.0190494974876977,BOSC
0.0530374831724617,BOSC
0.0746701492235007,BOSC
0.0683425219152497,BOSC
0.0338790869932952,BOSC
0.00506222804842334,BOSC
0.186494062677102,BOSC
0.0603431979697393,BOSC
0.0717616691422152,BOSC
0.0896554162068948,BOSC
0.107807472542411,BOSC
0.0368309172814456,BOSC
0.0349884810365552,BOSC
0.0393819081445345,BOSC
0.0461998449235942,BOSC
0.0533782436967176,BOSC
0.00462007109230768,BOSC
0.080301655043452,BOSC
0.0298204942580054,BOSC
0.124166934808229,BOSC
0.00436988473176627,BOSC
0.0388936725905615,BOSC
0.0271046123972938,BOSC
0.00102292942148136,BOSC
0.00451759432008842,BOSC
0.0233800490500411,BOSC
0.043893046882445,BOSC
0.020458929256197,BOSC
0.0212931976285164,BOSC
0.0901618757666763,BOSC
0.083377300737562,BOSC
0.054474685397378,BOSC
0.00580963771237252,BOSC
0.0340038540921512,BOSC
0.0785065598245445,BOSC
0.0642197758819928,BOSC
0.0209676781951829,BOSC
0.00916685123578894,BOSC
0.00991223059121423,BOSC
0.00688197897140824,BOSC
0.0290070553840392,BOSC
0.0227481353419469,BOSC
0.0149591314469473,BOSC
0.00172814881290311,BOSC
0.00719746968063222,BOSC
0.0279694770536145,BOSC
0.0387354663084078,BOSC
0.00430586351925216,BOSC
0.0581501081551863,BOSC
0.00159278362125068,BOSC
0.00621082383151107,BOSC
0.0191080475141397,BOSC
0.0619725116277902,BOSC
0.00541838023694142,BOSC
0.0346571394680077,BOSC
0.00807787582236995,BOSC
0.0579280420510963,BOSC
0.110356469184959,BOSC
0.0592962539236129,BOSC
0.00326011536947183,BOSC
0.0509383960939339,BOSC
0.0249267332398083,BOSC
0.0491614260455676,BOSC
0.0808882960428863,BOSC
0.0484113902892066,eBOSC
0.0070255534180119,eBOSC
0.0827627667273336,eBOSC
0.0691041964199982,eBOSC
0.0480253678005091,eBOSC
0.00373785553473127,eBOSC
0.0790176745804967,eBOSC
0.0629970667149816,eBOSC
0.0184423043508209,eBOSC
0.00424208831187802,eBOSC
0.100812198329852,eBOSC
0.0180220837013628,eBOSC
0.00996547017357773,eBOSC
0.0129463468437658,eBOSC
0.0102942101089829,eBOSC
0.0132520208858843,eBOSC
0.00435552980987185,eBOSC
0.000142486840903171,eBOSC
0.00352433420171818,eBOSC
0.0392619278538705,eBOSC
0.0550376731152973,eBOSC
0.0542207210499118,eBOSC
0.039679616347515,eBOSC
0.121018643982781,eBOSC
0.0936857294065253,eBOSC
0.0380064309802409,eBOSC
0.0424307916547215,eBOSC
0.0120266828222816,eBOSC
0.00534152485213726,eBOSC
0.0237588688094199,eBOSC
0.00342533302222843,eBOSC
0.131900669637089,eBOSC
0.072085708433377,eBOSC
0.0437339277243644,eBOSC
0.0246610952543736,eBOSC
0.0419628639351438,eBOSC
0.093783249197348,eBOSC
0.144576376727552,eBOSC
0.0958038053235113,eBOSC
0.0388830963861717,eBOSC
0.0603712996824621,eBOSC
0.109140325347648,eBOSC
0.0351899494425977,eBOSC
0.0313259159317727,eBOSC
0.0157603207846914,eBOSC
0.00881512731238876,eBOSC
0.0337787595006326,eBOSC
0.0787186077692145,eBOSC
0.0639497574559729,eBOSC
0.0109022196323221,eBOSC
0.00695431816205112,eBOSC
0.075953273666158,eBOSC
0.0429974872162906,eBOSC
0.0815535057617989,eBOSC
0.0799928305967112,eBOSC
0.0657417634680509,eBOSC
0.00606778248479671,eBOSC
0.0115171599618003,eBOSC
0.0370353223211074,eBOSC
0.0605886756783032,eBOSC
0.0662877711108291,eBOSC
0.0283327553000454,eBOSC
0.0478824458021349,eBOSC
0.0229130056311977,eBOSC
0.0200487527888074,eBOSC
0.0655688592279446,eBOSC
0.00902903239709528,eBOSC
0.0118131838242851,eBOSC
0.155891216547028,eBOSC
0.041563435167774,eBOSC
0.00499164287676354,eBOSC
0.078488141146732,eBOSC
0.0158127601957075,eBOSC
0.039952293418449,eBOSC
0.0605730785244759,eBOSC
0.0295007226492747,eBOSC
0.0639719132836959,eBOSC
0.0564813380970921,eBOSC
0.063673579745417,eBOSC
0.0502882171767092,eBOSC
0.0197131916713994,eBOSC
0.0656817287169217,eBOSC
0.0740183794540264,eBOSC
0.0727008339249485,eBOSC
0.0561734305177202,eBOSC
0.0413931012452096,eBOSC
0.00125936784650126,eBOSC
0.122171976012177,eBOSC
0.0159192026631548,eBOSC
0.0247507302648263,eBOSC
0.0881268331929703,eBOSC
0.0346933813791879,eBOSC
0.018980992079532,eBOSC
0.000375186078340948,eBOSC
0.0513596446504021,eBOSC
0.0451162077283144,eBOSC
0.0536450949957484,eBOSC
0.044651803822081,eBOSC
0.0194801889002421,eBOSC
0.0652931452493814,eBOSC
0.0141761520185057,eBOSC
0.0123360523488918,eBOSC
0.0231711551262066,eBOSC
0.0877536046618246,eBOSC
0.0859241191240081,eBOSC
0.00846221038454163,eBOSC
0.0446954378944547,eBOSC
0.0813743686150595,eBOSC
0.0246136766981395,eBOSC
0.0300344002376805,eBOSC
0.0562839209726709,eBOSC
0.0436017576662475,eBOSC
0.000512880859592643,eBOSC
0.00598487985457467,eBOSC
0.0677514796705095,eBOSC
0.0140832213345999,eBOSC
0.0686124459809869,eBOSC
0.0138086357460605,eBOSC
0.0428408693256776,eBOSC
0.0834255598741283,eBOSC
0.0451569230722481,eBOSC
0.0836505696685467,eBOSC
0.021351453867154,eBOSC
0.0718061487942109,eBOSC
0.0583959769854698,eBOSC
0.039109104406296,eBOSC
0.0082337991513449,eBOSC
0.0323904250948459,eBOSC
0.0368023907249103,eBOSC
0.0985284116473036,eBOSC
0.015049948801898,eBOSC
0.188643909664593,eBOSC
0.0970595348041488,eBOSC
0.0063944159956184,eBOSC
0.0911969171817143,eBOSC
0.0811453283676612,eBOSC
0.0760160412288128,eBOSC
0.145800661768694,eBOSC
0.048005544152158,eBOSC
0.0166725582284153,eBOSC
0.0616133720967355,eBOSC
0.0145659764473524,eBOSC
0.00561423900479483,eBOSC
0.048179281827521,eBOSC
0.0284303528472215,eBOSC
0.0303009596750216,eBOSC
0.0308275865982188,eBOSC
0.0542274639546706,eBOSC
0.0270974268775136,eBOSC
0.0351845142201788,eBOSC
0.0601859045552684,eBOSC
0.0756770095754505,eBOSC
0.0275555705567541,eBOSC
0.0443343256680996,eBOSC
0.0228564111738567,eBOSC
0.030643463808582,eBOSC
0.0103852890769632,eBOSC
0.0371201049403949,eBOSC
0.00556634779384604,eBOSC
0.0379731060214637,eBOSC
0.121817220853118,eBOSC
0.0180860774125271,eBOSC
0.0326738384516449,eBOSC
0.00692337319069153,eBOSC
0.0668304088539739,eBOSC
0.0299019740675757,eBOSC
0.0086619565330883,eBOSC
0.0801629315686829,eBOSC
0.023153836913951,eBOSC
0.0232291985150759,eBOSC
0.0600171845437061,eBOSC
0.0272980867817226,eBOSC
0.0256086366582572,eBOSC
0.0115072779867452,eBOSC
0.0432303287295301,eBOSC
0.0206761709004813,eBOSC
0.0101306140145968,eBOSC
0.0644888374557641,eBOSC
0.0246880259799974,eBOSC
0.0479324979156469,eBOSC
0.00786766821056949,eBOSC
0.117554570938126,eBOSC
0.047540872464288,eBOSC
0.0980754033118553,eBOSC
0.0473492507691881,eBOSC
0.0570096040557696,eBOSC
0.029232915627084,eBOSC
0.0485942758172045,eBOSC
0.0220085813064769,eBOSC
0.00263971914911723,eBOSC
0.0128081172331117,eBOSC
0.00755302499627719,eBOSC
0.0467222638478745,eBOSC
0.0183908765573512,eBOSC
0.0331974979455432,eBOSC
0.126703969644054,eBOSC
0.0358388693050288,eBOSC
0.0653701013388873,eBOSC
0.0506537123373062,eBOSC
0.0196110596537532,eBOSC
0.0482875942419416,eBOSC
0.0537182343579879,eBOSC
0.0463522636314282,eBOSC
0.0789643596575677,eBOSC
0.112225540398142,eBOSC
0.0336009287279834,eBOSC
0.0268193380684417,eBOSC
0.0225090216313109,eBOSC
0.0661364985387856,eBOSC
0.0371003680792669,eBOSC
0.0595133014094521,eBOSC
0.0923221335974585,eBOSC
0.0272845335181951,eBOSC
0.0496763711149403,eBOSC
0.0950020682590565,eBOSC
0.0760650935388132,eBOSC
0.0971023013489267,eBOSC
0.0295576023634506,eBOSC
0.0167795519594744,eBOSC
0.0470063126918935,eBOSC
0.147256644159792,eBOSC
0.00100948735523041,eBOSC
0.0486752102890359,eBOSC
0.0115055743258981,eBOSC
0.0838481979944025,eBOSC
0.0868098699537134,eBOSC
0.0688845375178791,eBOSC
0.0539170849585829,eBOSC
0.0359169572805026,eBOSC
0.0751166650331186,eBOSC
0.0421701009252815,eBOSC
0.0606886322859682,eBOSC
0.0346152141351122,eBOSC
0.0908891890619921,eBOSC
0.102884178469756,eBOSC
0.00311007862654248,eBOSC
0.0450650234315347,eBOSC
0.0924439578387597,eBOSC
0.0899891183623774,eBOSC
0.101503683865001,eBOSC
0.00366652036037076,eBOSC
0.0118199275740768,eBOSC
0.0100425945959923,eBOSC
0.0242528966660281,eBOSC
0.0344090638111558,eBOSC
0.0154436473815162,eBOSC
0.0155855748939786,eBOSC
0.00558700923961994,eBOSC
0.104232966098075,eBOSC
0.0226899499626174,eBOSC
0.0103796492271639,eBOSC
0.0225571322331179,eBOSC
0.0521497477828621,eBOSC
0.018995832119187,eBOSC
0.0509490441264051,eBOSC
0.00236019291851407,eBOSC
0.0383722495563634,eBOSC
0.0273534718542299,eBOSC
0.0972964357264824,eBOSC
0.0238717709831259,eBOSC
0.0994047310983582,eBOSC
0.139828471586582,eBOSC
0.00761806873505317,eBOSC
0.035365263965001,eBOSC
0.0407806616390875,eBOSC
0.0907474022336303,eBOSC
0.0313734576050283,eBOSC
0.0139191353208215,eBOSC
0.0504743016671957,eBOSC
0.0672422611393497,eBOSC
0.0678365452907096,eBOSC
0.0981599996340076,eBOSC
0.0915050580115569,eBOSC
0.0811689792470713,eBOSC
0.0648277225196863,eBOSC
0.0509658327354748,eBOSC
0.0080754397673667,eBOSC
0.0589119926112506,eBOSC
0.019702717048192,eBOSC
0.0171394431716867,eBOSC
0.0570098910923944,eBOSC
0.00887026796107996,eBOSC
0.105880536880881,eBOSC
0.0926150875428449,eBOSC
0.101607639679328,eBOSC
0.0136890218738756,eBOSC
0.0242928057109597,eBOSC
0.00596680669679305,eBOSC
0.0171650809444466,eBOSC
0.0849424656194633,eBOSC
0.0155491969221125,eBOSC
0.0404845635092864,eBOSC
0.0193890780049827,eBOSC
0.0222021713414731,eBOSC
0.00459934383538235,eBOSC
0.0792065528854792,eBOSC
0.0609217236354221,eBOSC
0.015552550477689,eBOSC
0.068540826831713,eBOSC
0.0264472360864144,eBOSC
0.000937074532653706,eBOSC
0.0772951182826879,eBOSC
0.0295535288015658,eBOSC
0.0174833224334758,eBOSC
0.00211413454871073,eBOSC
0.112118807071812,eBOSC
0.0186492508422644,eBOSC
0.0219041124543326,eBOSC
0.056398418543105,eBOSC
0.100946889788106,eBOSC
0.0128852118587704,eBOSC
0.0752593856674665,eBOSC
0.068307760059145,eBOSC
0.0826837778019082,eBOSC
0.0797934104077467,eBOSC
0.0511306058105778,eBOSC
0.043995825778063,eBOSC
0.00368145714518696,eBOSC
0.0748603500244676,eBOSC
0.139211711149725,eBOSC
0.0381551386755639,eBOSC
0.0475599246298189,eBOSC
0.132736504750277,eBOSC
0.0752128751027835,eBOSC
0.0416675907027345,eBOSC
0.162092316030577,eBOSC
0.00776451746571774,eBOSC
0.018877336408554,eBOSC
0.0661205281696004,eBOSC
0.0333544154338481,eBOSC
0.0158391010240012,eBOSC
0.0130204591737777,eBOSC
0.00310492103622032,eBOSC
0.0463155965977125,eBOSC
0.0230987030083979,eBOSC
0.0370837438080718,eBOSC
0.0304769908173913,eBOSC
0.00939591569096221,eBOSC
0.130607886345712,eBOSC
0.0548810911749285,eBOSC
0.0377563605555502,eBOSC
0.0919352307668246,eBOSC
0.0600167565033299,eBOSC
0.0170621611136006,eBOSC
0.0558416130312109,eBOSC
0.217949633417832,eBOSC
0.070309547074281,eBOSC
0.0294869177607735,eBOSC
0.00147973136818584,eBOSC
0.0907063144796095,eBOSC
0.0147935507328432,eBOSC
0.0297734143644579,eBOSC
0.0422425972562642,eBOSC
0.138470319791998,eBOSC
0.0304237982763772,eBOSC
0.0410457199134776,eBOSC
0.0153059486770452,eBOSC
0.063925476887363,eBOSC
0.0940316136991267,eBOSC
0.0361150362888853,eBOSC
0.0162179794528854,eBOSC
0.0238102879875577,eBOSC
0.01996820969922,eBOSC
0.0433711798887631,eBOSC
0.027787849189935,eBOSC
0.0380325859266061,eBOSC
0.00322188269406989,eBOSC
0.0096070316742762,eBOSC
0.0200423519750226,eBOSC
0.0643786451043996,eBOSC
0.0247041639964473,eBOSC
0.0912027296929324,eBOSC
0.0486677318822898,eBOSC
0.029990589752511,eBOSC
0.138453461818268,eBOSC
0.0229966668369835,eBOSC
0.0337478706796116,eBOSC
0.0474756765773534,eBOSC
0.147510652821614,eBOSC
0.0223529720311774,eBOSC
0.0150904788484701,eBOSC
0.0550909947683495,eBOSC
0.0155411804518794,eBOSC
0.0529692422057427,eBOSC
0.0369114242960335,eBOSC
0.101313633397572,eBOSC
0.016577989522365,eBOSC
0.0220277452509075,eBOSC
0.0429001044782138,eBOSC
0.0880774383470166,eBOSC
0.0291060774515448,eBOSC
0.0509994093573327,eBOSC
0.00967353276868705,eBOSC
0.0293526385490143,eBOSC
0.0506100498167876,eBOSC
0.0385149090469278,eBOSC
0.0316416246339372,eBOSC
0.0173958826470057,eBOSC
0.0993809420623322,eBOSC
0.00932304774882502,eBOSC
0.0141345334644983,eBOSC
0.0344704738843058,eBOSC
0.0138959542620146,eBOSC
0.0698807567261702,eBOSC
0.0319496354017603,eBOSC
0.0210471422909763,eBOSC
0.00903855241442,eBOSC
0.0472472507387788,eBOSC
0.0474181073135211,eBOSC
0.0239951556949629,eBOSC
0.0255608184084986,eBOSC
0.0634768762694801,eBOSC
0.00989995566029405,eBOSC
0.0593366817047796,eBOSC
0.00589107832860892,eBOSC
0.0136493822383287,eBOSC
0.0548902043936186,eBOSC
0.0341690701851886,eBOSC
0.0683892469237646,eBOSC
0.0289249141221136,eBOSC
0.0180734932354995,eBOSC
0.00853230505233878,eBOSC
0.0177135990668031,eBOSC
0.0450139671014944,eBOSC
0.0447725603709271,eBOSC
0.0234161288791434,eBOSC
0.0165956279786126,eBOSC
0.0461619738086024,eBOSC
0.0198963384353818,eBOSC
0.041681221432687,eBOSC
0.0970517848303072,eBOSC
0.0120371446657848,eBOSC
0.0157069033472303,eBOSC
0.0587641613786604,eBOSC
0.0794489533635111,eBOSC
0.0381548453387298,eBOSC
0.0130744108485412,eBOSC
0.0590125698116182,eBOSC
0.0686950625843442,eBOSC
0.0743176085544062,eBOSC
0.0398541736324517,eBOSC
0.000912858590733152,eBOSC
0.180518976037945,eBOSC
0.0663182846088958,eBOSC
0.0657865825030587,eBOSC
0.0956305028460513,eBOSC
0.101832385903254,eBOSC
0.0308558306422891,eBOSC
0.0290133943973987,eBOSC
0.045356994783691,eBOSC
0.0521749315627507,eBOSC
0.0593533303358741,eBOSC
0.0105951577314642,eBOSC
0.0862767416826085,eBOSC
0.0238454076188489,eBOSC
0.130142021447385,eBOSC
0.00160520190739022,eBOSC
0.044868759229718,eBOSC
0.0211295257581373,eBOSC
0.00699801606063786,eBOSC
0.00145749231906807,eBOSC
0.0174049624108846,eBOSC
0.0498681335216015,eBOSC
0.0144838426170405,eBOSC
0.0272682842676729,eBOSC
0.0841867891275198,eBOSC
0.0893523873767185,eBOSC
0.0604497720365345,eBOSC
0.000165448926783977,eBOSC
0.0280287674529947,eBOSC
0.072531473185388,eBOSC
0.0701948625211493,eBOSC
0.0149925915560264,eBOSC
0.0151419378749454,eBOSC
0.00393714395205774,eBOSC
0.000906892332251743,eBOSC
0.0230319687448827,eBOSC
0.0287232219811034,eBOSC
0.0209342180861038,eBOSC
0.00424693782625338,eBOSC
0.0131725563197887,eBOSC
0.021994390414458,eBOSC
0.0327603796692513,eBOSC
0.0102809501584086,eBOSC
0.0521750215160298,eBOSC
0.00438230301790581,eBOSC
0.000235737192354578,eBOSC
0.0131329608749832,eBOSC
0.0559974249886337,eBOSC
0.0113934668760979,eBOSC
0.0286820528288512,eBOSC
0.00210278918321346,eBOSC
0.0519529554119398,eBOSC
0.104381382545803,eBOSC
0.0652713405627694,eBOSC
0.00271497126968466,eBOSC
0.0569134827330904,eBOSC
0.0189516466006518,eBOSC
0.0551365126847241,eBOSC
0.0749132094037298,eBOSC
0.0353757950009331,fBOSC
0.0200611487062854,fBOSC
0.06972717143906,fBOSC
0.0560686011317247,fBOSC
0.0610609630887826,fBOSC
0.00929773975354225,fBOSC
0.0659820792922232,fBOSC
0.0760326620032551,fBOSC
0.00540670906254742,fBOSC
0.0172776836001515,fBOSC
0.0877766030415782,fBOSC
0.00498648841308926,fBOSC
0.00307012511469579,fBOSC
0.0259819421320393,fBOSC
0.0233298053972564,fBOSC
0.000216425597610802,fBOSC
0.00868006547840167,fBOSC
0.0131780821291767,fBOSC
0.0165599294899917,fBOSC
0.0522975231421441,fBOSC
0.0420020778270237,fBOSC
0.0411851257616383,fBOSC
0.0527152116357885,fBOSC
0.134054239271055,fBOSC
0.106721324694799,fBOSC
0.0249708356919674,fBOSC
0.029395196366448,fBOSC
0.0250622781105551,fBOSC
0.0183771201404108,fBOSC
0.0107232735211464,fBOSC
0.016460928310502,fBOSC
0.144936264925362,fBOSC
0.0851213037216505,fBOSC
0.0567695230126379,fBOSC
0.0376966905426471,fBOSC
0.0549984592234173,fBOSC
0.0807476539090745,fBOSC
0.157611972015825,fBOSC
0.0827682100352377,fBOSC
0.0258475010978982,fBOSC
0.0473357043941886,fBOSC
0.122175920635922,fBOSC
0.0482255447308712,fBOSC
0.0443615112200462,fBOSC
0.0027247254964179,fBOSC
0.00422046797588476,fBOSC
0.0207431642123591,fBOSC
0.065683012480941,fBOSC
0.0509141621676994,fBOSC
0.00213337565595137,fBOSC
0.00608127712622241,fBOSC
0.0889888689544315,fBOSC
0.0560330825045641,fBOSC
0.0945891010500724,fBOSC
0.0669572353084376,fBOSC
0.0527061681797773,fBOSC
0.00696781280347681,fBOSC
0.00151843532647326,fBOSC
0.0500709176093809,fBOSC
0.0736242709665767,fBOSC
0.0532521758225556,fBOSC
0.0413683505883189,fBOSC
0.0609180410904085,fBOSC
0.00987741034292415,fBOSC
0.0330843480770809,fBOSC
0.0786044545162181,fBOSC
0.0220646276853688,fBOSC
0.0248487791125587,fBOSC
0.168926811835301,fBOSC
0.0285278398795005,fBOSC
0.0180272381650371,fBOSC
0.0654525458584585,fBOSC
0.00277716490743398,fBOSC
0.0269166981301754,fBOSC
0.0736086738127495,fBOSC
0.0164651273610012,fBOSC
0.0509363179954224,fBOSC
0.0434457428088186,fBOSC
0.0506379844571435,fBOSC
0.0633238124649827,fBOSC
0.00667759638312592,fBOSC
0.0787173240051953,fBOSC
0.0609827841657528,fBOSC
0.059665238636675,fBOSC
0.0692090258059937,fBOSC
0.0544286965334832,fBOSC
0.0117762274417723,fBOSC
0.135207571300451,fBOSC
0.0289547979514284,fBOSC
0.0117151349765527,fBOSC
0.101162428481244,fBOSC
0.0477289766674615,fBOSC
0.00594539679125845,fBOSC
0.0126604092099326,fBOSC
0.0383240493621286,fBOSC
0.0320806124400409,fBOSC
0.0406094997074749,fBOSC
0.0316162085338075,fBOSC
0.0064445936119686,fBOSC
0.078328740537655,fBOSC
0.0011405567302322,fBOSC
0.000699542939381767,fBOSC
0.0101355598379331,fBOSC
0.100789199950098,fBOSC
0.0728885238357346,fBOSC
0.0214978056728152,fBOSC
0.0316598426061812,fBOSC
0.094409963903333,fBOSC
0.011578081409866,fBOSC
0.016998804949407,fBOSC
0.0432483256843973,fBOSC
0.030566162377974,fBOSC
0.0125227144286809,fBOSC
0.0190204751428482,fBOSC
0.080787074958783,fBOSC
0.0271188166228734,fBOSC
0.0555768506927134,fBOSC
0.026844231034334,fBOSC
0.0558764646139511,fBOSC
0.0703899645858548,fBOSC
0.0321213277839746,fBOSC
0.0966861649568202,fBOSC
0.0083158585788805,fBOSC
0.0587705535059374,fBOSC
0.0453603816971963,fBOSC
0.0521446996945696,fBOSC
0.00480179613692862,fBOSC
0.0454260203831195,fBOSC
0.0237667954366368,fBOSC
0.0854928163590301,fBOSC
0.0280855440901715,fBOSC
0.201679504952866,fBOSC
0.0840239395158753,fBOSC
0.00664117929265513,fBOSC
0.0781613218934408,fBOSC
0.0681097330793877,fBOSC
0.0629804459405393,fBOSC
0.158836257056968,fBOSC
0.0349699488638845,fBOSC
0.00363696294014178,fBOSC
0.074648967385009,fBOSC
0.00153038115907886,fBOSC
0.00742135628347869,fBOSC
0.0612148771157945,fBOSC
0.041465948135495,fBOSC
0.017265364386748,fBOSC
0.0438631818864923,fBOSC
0.0672630592429441,fBOSC
0.0401330221657871,fBOSC
0.0482201095084523,fBOSC
0.0471503092669949,fBOSC
0.062641414287177,fBOSC
0.0405911658450276,fBOSC
0.0312987303798261,fBOSC
0.00982081588558315,fBOSC
0.0436790590968555,fBOSC
0.00265030621131035,fBOSC
0.0501557002286684,fBOSC
0.0186019430821196,fBOSC
0.0510087013097372,fBOSC
0.134852816141392,fBOSC
0.0311216727008007,fBOSC
0.0196382431633713,fBOSC
0.00611222209758199,fBOSC
0.0537948135657004,fBOSC
0.0429375693558492,fBOSC
0.0216975518213618,fBOSC
0.0671273362804094,fBOSC
0.0101182416256775,fBOSC
0.0362647938033494,fBOSC
0.0730527798319796,fBOSC
0.0403336820699961,fBOSC
0.0386442319465307,fBOSC
0.0245428732750187,fBOSC
0.0562659240178036,fBOSC
0.0337117661887549,fBOSC
0.00290498127367676,fBOSC
0.0514532421674906,fBOSC
0.0116524306917238,fBOSC
0.0348969026273734,fBOSC
0.00516792707770403,fBOSC
0.130590166226399,fBOSC
0.0345052771760145,fBOSC
0.111110998600129,fBOSC
0.0603848460574616,fBOSC
0.0700451993440432,fBOSC
0.0422685109153575,fBOSC
0.061629871105478,fBOSC
0.0350441765947505,fBOSC
0.0156753144373907,fBOSC
0.000227478055161792,fBOSC
0.00548257029199633,fBOSC
0.033686668559601,fBOSC
0.0314264718456247,fBOSC
0.0201619026572696,fBOSC
0.139739564932327,fBOSC
0.0228032740167553,fBOSC
0.0784056966271608,fBOSC
0.0376181170490327,fBOSC
0.00657546436547972,fBOSC
0.0352519989536681,fBOSC
0.0667538296462614,fBOSC
0.0593878589197017,fBOSC
0.0659287643692942,fBOSC
0.125261135686415,fBOSC
0.0205653334397099,fBOSC
0.0137837427801682,fBOSC
0.00947342634303738,fBOSC
0.0791720938270592,fBOSC
0.0240647727909934,fBOSC
0.0725488966977256,fBOSC
0.105357728885732,fBOSC
0.0142489382299216,fBOSC
0.0627119664032138,fBOSC
0.0819664729707829,fBOSC
0.0630294982505397,fBOSC
0.1101378966372,fBOSC
0.0425931976517241,fBOSC
0.0298151472477479,fBOSC
0.060041907980167,fBOSC
0.160292239448066,fBOSC
0.0120261079330431,fBOSC
0.0617108055773094,fBOSC
0.0245411696141716,fBOSC
0.096883793282676,fBOSC
0.0998454652419869,fBOSC
0.0558489422296056,fBOSC
0.0408814896703094,fBOSC
0.0489525525687761,fBOSC
0.0881522603213921,fBOSC
0.055205696213555,fBOSC
0.0476530369976947,fBOSC
0.0215796188468387,fBOSC
0.0778535937737185,fBOSC
0.089848583181483,fBOSC
0.016145673914816,fBOSC
0.0320294281432612,fBOSC
0.105479553127033,fBOSC
0.0769535230741038,fBOSC
0.0884680885767277,fBOSC
0.00936907492790276,fBOSC
0.00121566771419668,fBOSC
0.00299300069228127,fBOSC
0.0112173013777546,fBOSC
0.0474446590994293,fBOSC
0.0284792426697898,fBOSC
0.0286211701822521,fBOSC
0.00744858604865358,fBOSC
0.117268561386349,fBOSC
0.00965435467434385,fBOSC
0.00265594606110964,fBOSC
0.00952153694484435,fBOSC
0.0391141524945886,fBOSC
0.0320314274074605,fBOSC
0.0639846394146786,fBOSC
0.0153957882067876,fBOSC
0.0253366542680899,fBOSC
0.0143178765659564,fBOSC
0.110332031014756,fBOSC
0.0369073662713994,fBOSC
0.0863691358100847,fBOSC
0.152864066874856,fBOSC
0.00541752655322035,fBOSC
0.0484008592532746,fBOSC
0.0538162569273611,fBOSC
0.0777118069453568,fBOSC
0.0444090528933018,fBOSC
0.0269547306090951,fBOSC
0.0635098969554692,fBOSC
0.0542066658510761,fBOSC
0.054800950002436,fBOSC
0.111195594922281,fBOSC
0.10454065329983,fBOSC
0.0681333839587978,fBOSC
0.0517921272314128,fBOSC
0.0379302374472013,fBOSC
0.00496015552090682,fBOSC
0.0719475878995241,fBOSC
0.0327383123364655,fBOSC
0.0301750384599602,fBOSC
0.0439742958041209,fBOSC
0.00416532732719356,fBOSC
0.118916132169155,fBOSC
0.0795794922545713,fBOSC
0.0885720443910543,fBOSC
0.000653426585602129,fBOSC
0.0112572104226862,fBOSC
0.00706878859148047,fBOSC
0.0302006762327201,fBOSC
0.0719068703311898,fBOSC
0.00251360163383895,fBOSC
0.0274489682210129,fBOSC
0.0324246732932562,fBOSC
0.0352377666297466,fBOSC
0.00843625145289117,fBOSC
0.0922421481737527,fBOSC
0.0478861283471485,fBOSC
0.00251695518941549,fBOSC
0.0555052315434394,fBOSC
0.0134116407981408,fBOSC
0.0139726698209272,fBOSC
0.0903307135709614,fBOSC
0.0425891240898393,fBOSC
0.0305189177217494,fBOSC
0.0151497298369842,fBOSC
0.0990832117835386,fBOSC
0.00561365555399092,fBOSC
0.0349397077426061,fBOSC
0.0694340138313785,fBOSC
0.11398248507638,fBOSC
0.000150383429503082,fBOSC
0.0622237903791929,fBOSC
0.0813433553474185,fBOSC
0.0957193730901817,fBOSC
0.0928290056960202,fBOSC
0.0380950105223043,fBOSC
0.0309602304897895,fBOSC
0.0167170524334605,fBOSC
0.0618247547361941,fBOSC
0.152247306437999,fBOSC
0.0251195433872903,fBOSC
0.0345243293415454,fBOSC
0.119700909462003,fBOSC
0.0621772798145099,fBOSC
0.0286319954144609,fBOSC
0.175127911318851,fBOSC
0.00527107782255578,fBOSC
0.00584174112028044,fBOSC
0.0530849328813269,fBOSC
0.0203188201455746,fBOSC
0.00280350573572772,fBOSC
1.51361144958716e-05,fBOSC
0.0099306742520532,fBOSC
0.059351191885986,fBOSC
0.0361342982966714,fBOSC
0.0240481485197983,fBOSC
0.0435125861056648,fBOSC
0.00363967959731131,fBOSC
0.117572291057438,fBOSC
0.041845495886655,fBOSC
0.0507919558438237,fBOSC
0.104970826055098,fBOSC
0.0469811612150564,fBOSC
0.0300977564018741,fBOSC
0.0428060177429374,fBOSC
0.230985228706106,fBOSC
0.0572739517860075,fBOSC
0.0164513224725,fBOSC
0.0115558639200877,fBOSC
0.103741909767883,fBOSC
0.00175795544456966,fBOSC
0.0428090096527314,fBOSC
0.0292070019679907,fBOSC
0.151505915080272,fBOSC
0.0434593935646507,fBOSC
0.0280101246252041,fBOSC
0.00227035338877166,fBOSC
0.0508898815990895,fBOSC
0.1070672089874,fBOSC
0.0230794410006118,fBOSC
0.0292535747411589,fBOSC
0.0107746926992842,fBOSC
0.0330038049874935,fBOSC
0.0303355846004896,fBOSC
0.0147522539016615,fBOSC
0.0249969906383326,fBOSC
0.00981371259420363,fBOSC
0.00342856361399732,fBOSC
0.0330779472632961,fBOSC
0.0513430498161261,fBOSC
0.0377397592847208,fBOSC
0.104238324981206,fBOSC
0.0356321365940163,fBOSC
0.0169549944642375,fBOSC
0.125417866529994,fBOSC
0.00996107154870995,fBOSC
0.0207122753913381,fBOSC
0.060511271865627,fBOSC
0.160546248109888,fBOSC
0.0353885673194509,fBOSC
0.0281260741367436,fBOSC
0.042055399480076,fBOSC
0.0285767757401529,fBOSC
0.0660048374940163,fBOSC
0.049947019584307,fBOSC
0.114349228685846,fBOSC
0.0296135848106385,fBOSC
0.008992149962634,fBOSC
0.0298645091899403,fBOSC
0.0750418430587431,fBOSC
0.0160704821632713,fBOSC
0.0379638140690592,fBOSC
0.00336206251958647,fBOSC
0.0423882338372878,fBOSC
0.0636456451050611,fBOSC
0.0515505043352013,fBOSC
0.0186060293456637,fBOSC
0.00436028735873219,fBOSC
0.0863453467740587,fBOSC
0.0223586430370985,fBOSC
0.0271701287527718,fBOSC
0.0214348785960323,fBOSC
0.00086035897374105,fBOSC
0.0829163520144437,fBOSC
0.0189140401134868,fBOSC
0.0340827375792499,fBOSC
0.0220741477026935,fBOSC
0.0342116554505053,fBOSC
0.0343825120252476,fBOSC
0.0370307509832365,fBOSC
0.012525223120225,fBOSC
0.0765124715577536,fBOSC
0.00313563962797947,fBOSC
0.0463010864165061,fBOSC
0.0189266736168824,fBOSC
0.000613786950055182,fBOSC
0.0418546091053451,fBOSC
0.021133474896915,fBOSC
0.0814248422120381,fBOSC
0.0158893188338401,fBOSC
0.00503789794722595,fBOSC
0.00450329023593474,fBOSC
0.00467800377852956,fBOSC
0.0319783718132209,fBOSC
0.0317369650826536,fBOSC
0.0103805335908699,fBOSC
0.00356003269033912,fBOSC
0.0331263785203288,fBOSC
0.00686074314710828,fBOSC
0.0286456261444135,fBOSC
0.0840161895420337,fBOSC
0.000998450622488761,fBOSC
0.0287424986355038,fBOSC
0.0457285660903869,fBOSC
0.0664133580752376,fBOSC
0.0511904406270033,fBOSC
0.0261100061368147,fBOSC
0.0459769745233446,fBOSC
0.0817306578726177,fBOSC
0.0612820132661327,fBOSC
0.0268185783441782,fBOSC
0.0121227366975404,fBOSC
0.193554571326219,fBOSC
0.0532826893206223,fBOSC
0.0788221777913322,fBOSC
0.0825949075577778,fBOSC
0.114867981191528,fBOSC
0.0438914259305627,fBOSC
0.0420489896856722,fBOSC
0.0323213994954175,fBOSC
0.0391393362744772,fBOSC
0.0463177350476006,fBOSC
0.00244043755680935,fBOSC
0.0732411463943349,fBOSC
0.0368810029071224,fBOSC
0.117106426159112,fBOSC
0.0114303933808833,fBOSC
0.0318331639414445,fBOSC
0.0341651210464108,fBOSC
0.00603757922763567,fBOSC
0.0115781029692054,fBOSC
0.0304405576991581,fBOSC
0.036832538233328,fBOSC
0.027519437905314,fBOSC
0.0142326889793993,fBOSC
0.0972223844157933,fBOSC
0.0763167920884449,fBOSC
0.047414176748261,fBOSC
0.0128701463614895,fBOSC
0.0410643627412682,fBOSC
0.0855670684736616,fBOSC
0.0571592672328758,fBOSC
0.0280281868442999,fBOSC
0.00210634258667191,fBOSC
0.0169727392403313,fBOSC
0.0139424876205253,fBOSC
0.0360675640331562,fBOSC
0.0156876266928298,fBOSC
0.0078986227978303,fBOSC
0.00878865746202014,fBOSC
0.000136961031515195,fBOSC
0.0350299857027315,fBOSC
0.0457959749575248,fBOSC
0.00275464512986487,fBOSC
0.0652106168043034,fBOSC
0.00865329227036771,fBOSC
0.0132713324806281,fBOSC
0.0261685561632567,fBOSC
0.0690330202769072,fBOSC
0.0016421284121756,fBOSC
0.0417176481171247,fBOSC
0.015138384471487,fBOSC
0.0649885507002134,fBOSC
0.117416977834076,fBOSC
0.0522357452744959,fBOSC
0.0103206240185889,fBOSC
0.0438778874448168,fBOSC
0.0319872418889253,fBOSC
0.0421009173964506,fBOSC
0.0879488046920034,fBOSC
